,id,homeChargerPower,workChargerPower,rangeAnxietyThreshold,home_x,home_y,work_x,work_y
0,0,0.0,0.0,0.2,4459073.5,5335922.5,4468862.5,5334495.5
1,1,11.0,0.0,0.2,4478023.5,5330954.0,4458101.5,5337673.0
2,2,11.0,0.0,0.2,4468401.5,5336448.0,4463856.5,5335180.0
3,3,11.0,0.0,0.2,4469525.0,5331011.0,4460607.0,5341900.5
4,4,11.0,0.0,0.2,4468605.5,5335147.5,4474051.0,5335895.5
5,5,11.0,0.0,0.2,4463908.5,5332920.5,4469850.5,5332160.0
6,6,11.0,0.0,0.2,4461040.0,5331997.5,4466404.5,5333147.5
7,7,11.0,11.0,0.2,4467608.5,5338661.5,4464346.970120871,5328836.790912115
8,8,11.0,0.0,0.2,4463011.5,5339000.5,4465321.5,5337211.0
9,9,11.0,0.0,0.2,4469650.0,5337311.5,4465064.0,5338198.0
10,10,0.0,0.0,0.2,4472275.0,5330731.0,4459047.0,5336517.5
11,11,11.0,0.0,0.2,4473723.5,5333869.5,4466501.0,5341037.0
12,12,0.0,11.0,0.2,4461281.0,5330868.0,4468998.0,5339310.0
13,13,11.0,0.0,0.2,4473053.5,5333950.5,4474064.0,5327973.5
14,14,11.0,11.0,0.2,4465055.5,5341601.0,4466501.0,5341037.0
15,15,11.0,0.0,0.2,4463924.5,5330524.0,4460938.5,5334222.0
16,16,11.0,0.0,0.2,4458539.0,5333498.5,4469742.5,5341329.5
17,17,11.0,0.0,0.2,4469226.5,5331791.0,4466058.5,5336693.0
18,18,11.0,11.0,0.2,4466559.5,5332080.5,4474143.5,5333283.0
19,19,11.0,0.0,0.2,4464398.5,5337596.0,4464961.5,5327126.0
20,20,11.0,0.0,0.2,4473986.5,5335718.5,4471788.5,5341671.5
21,21,0.0,0.0,0.2,4468001.0,5332066.5,4455647.0,5337461.0
22,22,11.0,0.0,0.2,4463674.0,5337956.5,4460806.0,5342190.5
23,23,11.0,0.0,0.2,4464353.0,5329149.0,4462675.0,5334305.0
24,24,11.0,0.0,0.2,4475320.5,5329980.5,4465300.0,5338199.0
25,25,11.0,0.0,0.2,4465338.5,5334622.5,4465298.5,5331579.0
26,26,11.0,11.0,0.2,4473150.0,5331796.5,4467856.0,5332724.0
27,27,11.0,0.0,0.2,4465640.5,5340772.5,4460431.0,5339901.0
28,28,11.0,0.0,0.2,4471912.0,5332329.5,4463562.5,5335042.0
29,29,11.0,0.0,0.2,4468171.0,5327930.5,4463883.0,5340825.0
30,30,11.0,0.0,0.2,4467315.5,5331576.5,4460851.0,5339115.0
31,31,11.0,0.0,0.2,4473139.5,5337104.0,4475969.5,5336176.0
32,32,11.0,0.0,0.2,4476982.5,5332590.5,4463011.0,5339043.5
33,33,11.0,0.0,0.2,4469584.5,5331734.5,4468418.5,5337281.5
34,34,0.0,0.0,0.2,4474814.0,5329897.0,4463959.0,5335037.0
35,35,0.0,11.0,0.2,4456356.5,5334879.5,4465612.5,5334171.0
36,36,0.0,0.0,0.2,4469090.5,5329050.5,4472480.5,5340832.5
37,37,11.0,0.0,0.2,4460978.0,5332115.0,4466406.0,5334309.5
38,38,11.0,0.0,0.2,4471501.0,5335634.5,4466538.0,5331806.5
39,39,11.0,0.0,0.2,4473335.5,5330012.5,4466799.0,5335995.5
40,40,11.0,11.0,0.2,4464974.0,5331117.0,4459389.0,5334173.0
41,41,11.0,0.0,0.2,4471098.5,5334635.5,4461518.0,5328412.5
42,42,0.0,0.0,0.2,4471339.5,5340846.5,4473652.5,5330821.0
43,43,11.0,0.0,0.2,4469650.0,5337311.5,4466919.5,5334143.5
44,44,11.0,11.0,0.2,4466954.0,5334775.0,4467134.0,5335985.0
45,45,11.0,0.0,0.2,4464160.5,5333147.5,4469036.5,5339428.0
46,46,11.0,0.0,0.2,4469480.5,5335310.0,4472261.5,5341105.5
47,47,11.0,0.0,0.2,4462590.0,5328945.5,4462744.0,5339239.5
48,48,0.0,0.0,0.2,4460606.5,5332275.0,4469376.5,5330571.0
49,49,0.0,0.0,0.2,4476629.5,5330682.0,4472121.5,5336347.0
50,50,11.0,0.0,0.2,4474226.0,5328495.0,4470191.0,5336083.0
51,51,11.0,11.0,0.2,4462694.5,5328974.5,4466959.0,5331036.0
52,52,11.0,0.0,0.2,4467594.5,5334770.5,4464672.1299949875,5342113.766366434
53,53,11.0,0.0,0.2,4465193.0,5335252.5,4457020.5,5337519.5
54,54,11.0,0.0,0.2,4468698.5,5335968.0,4465380.5,5338297.0
55,55,11.0,0.0,0.2,4468395.0,5341304.0,4468554.511301132,5333374.906814257
56,56,11.0,0.0,0.2,4466301.5,5339789.0,4465190.0,5333649.0
57,57,0.0,0.0,0.2,4467566.5,5337167.5,4465112.0,5328751.5
58,58,11.0,0.0,0.2,4472958.0,5330160.5,4478688.5,5333090.0
59,59,0.0,0.0,0.2,4465059.5,5338771.0,4466072.5,5331902.5
60,60,11.0,11.0,0.2,4466881.0,5328179.5,4467942.5,5339309.5
61,61,11.0,0.0,0.2,4468478.5,5336264.5,4469429.5,5332626.0
62,62,0.0,11.0,0.2,4465799.0,5333095.5,4464342.0,5334561.5
63,63,11.0,0.0,0.2,4466698.0,5335420.5,4475875.0,5336034.5
64,64,0.0,0.0,0.2,4469520.0,5336645.5,4460397.038046461,5340843.188092656
65,65,11.0,0.0,0.2,4473432.0,5327830.0,4467055.0,5337849.5
66,66,11.0,0.0,0.2,4463968.5,5327638.5,4465356.0,5331346.5
67,67,11.0,0.0,0.2,4465210.5,5330503.0,4477058.0,5331382.0
68,68,11.0,11.0,0.2,4462560.5,5328574.0,4471246.390319411,5332966.365419344
69,69,11.0,0.0,0.2,4469475.5,5330481.5,4471788.5,5341671.5
70,70,11.0,0.0,0.2,4462551.0,5327915.0,4472480.5,5340832.5
71,71,11.0,0.0,0.2,4466023.0,5332189.0,4467723.5,5331746.5
72,72,0.0,0.0,0.2,4469515.0,5336543.5,4465676.0,5338115.0
73,73,11.0,0.0,0.2,4473288.5,5327574.5,4474526.0,5332457.5
74,74,0.0,11.0,0.2,4463907.5,5331331.0,4456766.0,5332925.5
75,75,11.0,0.0,0.2,4460227.5,5336512.0,4463358.0,5336748.0
76,76,11.0,0.0,0.2,4468480.5,5331495.0,4456770.5,5335709.5
77,77,11.0,0.0,0.2,4466874.0,5341505.0,4469657.0,5333537.5
78,78,11.0,0.0,0.2,4476247.0,5333578.0,4467457.0,5337818.5
79,79,0.0,0.0,0.2,4475097.0,5330526.0,4467692.0,5335506.5
80,80,11.0,0.0,0.2,4462220.0,5331551.5,4466683.5,5328609.5
81,81,11.0,0.0,0.2,4468492.5,5334836.0,4468418.5,5337281.5
82,82,11.0,0.0,0.2,4464866.0,5338880.0,4464593.5,5332128.0
83,83,0.0,0.0,0.2,4472596.5,5328557.5,4460100.5,5336192.5
84,84,11.0,0.0,0.2,4465383.0,5333636.0,4469359.5,5333595.5
85,85,0.0,0.0,0.2,4471164.0,5340698.5,4475315.5,5331047.5
86,86,0.0,0.0,0.2,4467295.0,5332366.0,4461936.153835265,5339031.649384188
87,87,11.0,0.0,0.2,4462095.0,5336480.0,4469032.0,5329674.5
88,88,11.0,0.0,0.2,4463138.0,5331198.0,4462540.0,5327584.0
89,89,0.0,0.0,0.2,4465676.5,5332063.5,4470021.0,5333187.0
90,90,11.0,0.0,0.2,4463974.0,5330178.0,4470558.0,5338916.5
91,91,11.0,11.0,0.2,4469398.0,5329744.5,4463562.5,5335042.0
92,92,11.0,0.0,0.2,4465407.0,5335000.5,4471788.5,5341671.5
93,93,11.0,0.0,0.2,4471653.0,5335534.5,4475969.5,5336176.0
94,94,11.0,11.0,0.2,4459420.0,5334885.5,4472417.0,5341354.0
95,95,11.0,0.0,0.2,4469574.5,5333418.5,4470110.0,5331359.5
96,96,0.0,11.0,0.2,4464026.0,5329255.5,4469923.5,5338956.5
97,97,11.0,0.0,0.2,4467216.5,5342495.0,4466526.0,5334873.5
98,98,11.0,0.0,0.2,4476714.0,5330490.5,4464169.0,5330923.0
99,99,11.0,11.0,0.2,4473941.5,5328910.0,4473772.0,5334551.0
100,100,0.0,0.0,0.2,4471456.5,5341439.0,4477454.0,5333353.5
101,101,11.0,0.0,0.2,4467879.0,5328204.5,4469985.5,5331126.5
102,102,0.0,0.0,0.2,4473045.5,5335344.5,4460392.0,5339715.0
103,103,11.0,11.0,0.2,4470297.0,5333642.0,4460797.810458061,5332760.157780787
104,104,11.0,11.0,0.2,4469653.0,5337260.0,4458800.5,5334524.5
105,105,11.0,11.0,0.2,4467378.5,5327651.0,4465263.0,5338841.5
106,106,11.0,0.0,0.2,4463438.5,5333843.5,4466585.0,5331324.0
107,107,11.0,0.0,0.2,4467735.5,5335038.5,4458907.0,5333764.0
108,108,11.0,0.0,0.2,4461754.5,5331364.5,4472417.0,5341354.0
109,109,11.0,0.0,0.2,4476150.0,5333717.0,4467457.0,5337818.5
110,110,11.0,0.0,0.2,4472667.0,5332021.0,4461856.0,5342238.0
111,111,0.0,0.0,0.2,4467778.0,5333004.5,4469036.5,5339428.0
112,112,0.0,0.0,0.2,4473285.5,5331884.0,4468663.0,5330253.0
113,113,11.0,0.0,0.2,4465210.5,5330503.0,4464312.0,5333583.0
114,114,0.0,0.0,0.2,4459211.5,5336347.5,4474118.0,5330614.0
115,115,11.0,11.0,0.2,4463974.0,5330178.0,4459715.5,5340558.5
116,116,11.0,0.0,0.2,4467306.0,5334648.0,4472008.0,5343281.5
117,117,0.0,0.0,0.2,4469501.0,5335820.0,4470397.5,5339562.0
118,118,0.0,0.0,0.2,4468325.0,5334753.0,4465991.5,5333374.5
119,119,0.0,0.0,0.2,4466572.0,5341230.5,4470145.5,5332758.0
120,120,11.0,0.0,0.2,4467809.0,5337756.5,4467769.0,5336841.5
121,121,11.0,11.0,0.2,4464137.5,5326138.0,4465019.0,5337806.0
122,122,11.0,0.0,0.2,4464081.0,5326291.5,4470063.5,5339354.5
123,123,11.0,0.0,0.2,4466582.5,5330213.0,4466613.5,5334440.5
124,124,11.0,0.0,0.2,4468489.0,5332500.0,4465706.5,5330341.0
125,125,11.0,0.0,0.2,4474801.0,5328941.5,4466526.0,5334873.5
126,126,11.0,11.0,0.2,4469190.0,5338611.5,4464137.5,5335104.5
127,127,11.0,0.0,0.2,4473252.5,5334244.5,4472417.0,5341354.0
128,128,11.0,11.0,0.2,4471289.5,5340656.0,4473496.0,5333327.0
129,129,11.0,0.0,0.2,4465222.0,5331687.0,4465206.0,5340300.5
130,130,11.0,0.0,0.2,4473619.5,5333636.5,4470220.5,5329593.0
131,131,11.0,0.0,0.2,4467245.5,5341077.5,4468554.511301132,5333374.906814257
132,132,11.0,0.0,0.2,4467949.5,5333223.0,4466868.0,5333237.0
133,133,11.0,0.0,0.2,4467422.0,5331602.5,4463540.0,5335371.5
134,134,11.0,0.0,0.2,4474338.0,5330468.5,4473772.0,5334551.0
135,135,11.0,0.0,0.2,4463776.0,5332121.5,4464346.970120871,5328836.790912115
136,136,11.0,0.0,0.2,4464873.0,5334697.0,4461919.0,5326711.0
137,137,0.0,0.0,0.2,4463329.5,5337597.5,4467459.5,5332285.5
138,138,11.0,0.0,0.2,4463375.0,5340248.5,4469467.0,5341021.5
139,139,11.0,0.0,0.2,4461844.5,5326924.5,4469399.5,5330481.5
140,140,0.0,0.0,0.2,4467919.0,5333342.5,4466058.5,5336693.0
141,141,11.0,0.0,0.2,4460903.0,5334790.0,4476769.0,5331372.0
142,142,11.0,0.0,0.2,4466017.0,5332828.5,4471020.0,5339731.5
143,143,11.0,11.0,0.2,4466360.0,5335672.0,4467185.0,5338357.5
144,144,11.0,0.0,0.2,4460518.0,5332815.5,4473585.5,5329778.0
145,145,11.0,0.0,0.2,4469182.0,5329493.0,4465304.5,5329348.0
146,146,11.0,0.0,0.2,4461762.0,5327158.0,4465095.0,5342115.5
147,147,11.0,0.0,0.2,4463542.0,5337531.5,4468379.5,5338160.5
148,148,11.0,0.0,0.2,4466323.0,5339785.5,4466026.0,5333410.5
149,149,0.0,0.0,0.2,4476969.5,5330648.0,4465380.5,5338297.0
150,150,11.0,0.0,0.2,4463774.0,5333603.0,4469704.5,5339560.5
151,151,11.0,0.0,0.2,4469928.5,5336870.5,4470980.0,5331670.0
152,152,11.0,0.0,0.2,4463701.0,5338290.5,4468691.0,5335010.0
153,153,0.0,0.0,0.2,4464080.0,5331507.0,4467419.0,5335691.0
154,154,11.0,11.0,0.2,4465361.5,5339637.0,4477525.5,5333848.0
155,155,11.0,0.0,0.2,4464378.0,5333531.0,4466219.0,5332011.0
156,156,11.0,0.0,0.2,4471976.5,5330156.0,4471972.5,5342532.0
157,157,11.0,11.0,0.2,4467540.5,5332127.5,4466095.0,5335052.5
158,158,11.0,0.0,0.2,4460807.0,5335865.0,4472583.0,5329120.0
159,159,11.0,0.0,0.2,4459403.0,5335249.0,4462883.5,5336252.5
160,160,11.0,0.0,0.2,4467751.5,5334830.0,4465991.5,5333374.5
161,161,11.0,11.0,0.2,4456798.5,5333901.5,4467339.5,5332651.5
162,162,11.0,0.0,0.2,4465501.5,5328436.0,4463168.0,5339239.5
163,163,11.0,0.0,0.2,4473510.0,5336260.0,4458379.0,5335818.5
164,164,11.0,0.0,0.2,4465893.624544016,5336851.361430629,4459716.5,5336642.0
165,165,11.0,0.0,0.2,4465293.5,5330475.5,4467942.5,5339309.5
166,166,11.0,0.0,0.2,4465055.5,5341601.0,4466521.5,5333802.5
167,167,0.0,0.0,0.2,4467980.0,5338767.0,4467105.5,5331812.0
168,168,11.0,0.0,0.2,4475120.0,5328406.5,4475121.099586245,5327225.319436477
169,169,0.0,11.0,0.2,4469859.0,5338144.0,4463010.0,5334310.5
170,170,11.0,11.0,0.2,4461342.5,5327759.5,4466272.0,5337230.0
171,171,11.0,0.0,0.2,4465458.0,5331044.5,4470282.5,5332666.5
172,172,0.0,0.0,0.2,4460168.5,5333298.0,4464706.5,5327998.5
173,173,11.0,11.0,0.2,4464514.0,5329550.5,4466766.886251589,5334637.572223151
174,174,11.0,0.0,0.2,4478473.0,5330107.5,4465015.0,5329041.0
175,175,11.0,11.0,0.2,4465679.5,5333075.0,4463377.0,5328452.5
176,176,11.0,11.0,0.2,4468243.0,5336356.0,4467769.0,5336841.5
177,177,0.0,0.0,0.2,4471259.5,5338272.5,4468647.0,5334946.5
178,178,11.0,0.0,0.2,4468221.5,5334019.0,4462675.0,5334305.0
179,179,11.0,0.0,0.2,4467767.0,5338160.0,4461936.153835265,5339031.649384188
180,180,11.0,0.0,0.2,4468251.0,5328236.5,4466337.0,5339660.0
181,181,11.0,11.0,0.2,4465032.0,5338535.0,4470234.5,5332019.0
182,182,0.0,0.0,0.2,4461423.0,5329940.5,4465594.02218932,5339091.790371029
183,183,11.0,0.0,0.2,4466417.5,5335684.0,4458695.5,5334763.0
184,184,11.0,11.0,0.2,4469647.0,5338190.0,4469257.0,5341262.0
185,185,11.0,0.0,0.2,4468218.5,5337905.0,4472236.5,5334833.0
186,186,11.0,0.0,0.2,4468690.0,5332939.5,4468292.5,5333221.0
187,187,11.0,0.0,0.2,4465065.5,5342420.0,4467667.0,5333460.0
188,188,11.0,11.0,0.2,4468101.5,5332278.5,4462637.0,5327808.5
189,189,0.0,0.0,0.2,4473045.5,5335344.5,4470877.0,5339915.5
190,190,11.0,0.0,0.2,4468998.5,5335872.0,4466406.0,5334309.5
191,191,11.0,11.0,0.2,4469489.0,5329095.0,4470108.5,5331860.5
192,192,11.0,0.0,0.2,4472215.5,5328377.0,4471469.0,5332660.0
193,193,11.0,0.0,0.2,4469866.0,5331167.5,4469785.5,5338298.5
194,194,0.0,11.0,0.2,4478057.0,5330945.5,4471700.5,5334681.0
195,195,11.0,0.0,0.2,4468257.5,5332366.0,4458379.0,5335818.5
196,196,11.0,11.0,0.2,4469902.5,5330143.5,4471020.0,5339731.5
197,197,11.0,0.0,0.2,4466149.5,5334630.0,4473330.5,5333333.0
198,198,11.0,0.0,0.2,4465408.5,5333147.5,4469926.0,5339508.0
199,199,11.0,11.0,0.2,4468825.0,5341098.0,4470431.0,5331051.5
200,200,11.0,0.0,0.2,4471104.0,5331125.5,4455770.5,5333779.0
201,201,11.0,0.0,0.2,4462555.5,5333689.5,4467242.0,5335296.5
202,202,11.0,11.0,0.2,4463791.5,5336021.5,4468663.0,5330253.0
203,203,11.0,11.0,0.2,4468044.0,5338385.5,4469257.0,5341262.0
204,204,11.0,0.0,0.2,4463773.5,5334307.0,4468180.5,5330605.0
205,205,0.0,0.0,0.2,4469771.0,5334412.5,4464462.652443699,5336155.051046955
206,206,11.0,11.0,0.2,4465337.5,5334659.5,4463306.5,5330124.0
207,207,11.0,0.0,0.2,4472089.5,5331903.0,4461267.5,5335244.5
208,208,11.0,0.0,0.2,4465628.0,5330782.0,4466927.0,5335580.5
209,209,11.0,11.0,0.2,4461499.5,5331710.5,4471816.0,5329837.0
210,210,11.0,0.0,0.2,4465002.0,5330973.5,4465630.0,5337206.5
211,211,11.0,0.0,0.2,4471541.0,5331819.0,4466389.5,5333120.0
212,212,11.0,0.0,0.2,4464675.5,5331179.0,4477241.985097043,5332775.156021008
213,213,0.0,0.0,0.2,4467531.5,5336743.5,4468044.484490382,5338142.81000106
214,214,11.0,11.0,0.2,4466105.5,5333435.5,4472146.0,5339457.0
215,215,11.0,0.0,0.2,4473253.0,5329085.0,4460403.5,5338355.5
216,216,11.0,0.0,0.2,4467964.0,5337870.5,4462369.0,5332161.5
217,217,11.0,0.0,0.2,4469182.0,5333218.5,4469632.0,5333550.5
218,218,11.0,0.0,0.2,4460030.0,5333457.5,4472480.5,5340832.5
219,219,0.0,0.0,0.2,4466774.0,5339983.0,4470545.5,5329641.5
220,220,11.0,0.0,0.2,4467952.5,5332559.5,4472152.0,5332518.0
221,221,11.0,0.0,0.2,4464228.0,5337745.5,4469141.0,5331105.5
222,222,11.0,0.0,0.2,4464657.0,5329616.5,4471076.0,5332894.5
223,223,0.0,0.0,0.2,4474619.0,5334726.0,4465015.0,5329041.0
224,224,0.0,0.0,0.2,4467345.5,5331735.0,4457393.5,5336132.5
225,225,11.0,0.0,0.2,4468667.0,5332568.5,4466989.0,5338218.5
226,226,0.0,0.0,0.2,4467952.5,5332559.5,4463664.0,5334614.0
227,227,11.0,0.0,0.2,4470297.0,5333642.0,4472475.0,5338998.5
228,228,11.0,11.0,0.2,4465399.0,5339774.0,4464872.0,5331646.0
229,229,11.0,0.0,0.2,4462067.0,5333226.0,4470582.0,5331814.0
230,230,11.0,0.0,0.2,4461016.5,5336926.0,4464222.0,5328960.5
231,231,0.0,0.0,0.2,4472558.5,5336754.5,4470832.5,5340558.0
232,232,11.0,11.0,0.2,4468709.0,5332056.5,4470234.5,5332019.0
233,233,11.0,11.0,0.2,4471678.5,5339490.0,4469299.5,5338573.5
234,234,11.0,0.0,0.2,4462371.0,5332498.5,4468862.5,5334153.0
235,235,11.0,0.0,0.2,4460675.0,5334273.0,4465909.215442652,5334622.416335099
236,236,11.0,11.0,0.2,4465426.0,5340205.5,4466741.5,5334562.0
237,237,0.0,0.0,0.2,4472733.0,5337271.5,4473379.5,5331038.0
238,238,11.0,0.0,0.2,4470278.5,5337743.5,4461919.0,5326711.0
239,239,11.0,0.0,0.2,4465805.0,5330976.0,4468866.0,5334880.5
240,240,11.0,0.0,0.2,4464967.5,5330115.5,4472704.0,5330866.5
241,241,11.0,0.0,0.2,4466348.5,5341345.0,4475875.0,5336034.5
242,242,11.0,0.0,0.2,4470335.5,5330063.0,4458695.5,5334763.0
243,243,11.0,0.0,0.2,4459752.0,5337065.5,4465019.0,5337806.0
244,244,11.0,0.0,0.2,4474922.0,5328999.0,4465380.5,5338297.0
245,245,11.0,0.0,0.2,4465678.0,5340436.0,4468184.0,5330740.5
246,246,11.0,0.0,0.2,4473686.0,5332497.0,4467782.0,5335435.5
247,247,0.0,0.0,0.2,4461351.0,5327017.5,4466404.5,5333147.5
248,248,11.0,0.0,0.2,4462993.5,5328672.0,4467861.0,5334771.0
249,249,11.0,0.0,0.2,4460764.0,5334118.5,4466828.5,5338960.0
250,250,11.0,0.0,0.2,4472353.5,5329485.0,4470019.384343954,5338792.982137742
251,251,11.0,0.0,0.2,4466052.0,5335388.5,4465872.5,5335054.5
252,252,11.0,0.0,0.2,4467884.0,5337279.0,4462540.0,5327584.0
253,253,11.0,0.0,0.2,4476896.5,5330820.0,4467898.0,5339050.0
254,254,11.0,0.0,0.2,4470440.0,5330582.0,4470181.5,5332790.5
255,255,11.0,11.0,0.2,4467823.5,5332060.5,4472686.0,5332124.5
256,256,11.0,11.0,0.2,4467155.0,5342820.5,4463399.5,5336558.0
257,257,11.0,0.0,0.2,4468511.5,5335529.0,4465015.0,5329041.0
258,258,11.0,0.0,0.2,4463773.5,5334307.0,4468067.5,5339803.0
259,259,11.0,0.0,0.2,4469279.0,5333574.0,4470100.5,5338189.0
260,260,11.0,11.0,0.2,4478333.5,5332447.5,4468998.0,5339310.0
261,261,11.0,11.0,0.2,4461703.5,5326794.0,4477062.0,5332476.0
262,262,11.0,0.0,0.2,4465100.5,5339898.0,4461919.0,5326711.0
263,263,11.0,11.0,0.2,4468796.0,5328603.5,4459858.5,5333476.0
264,264,11.0,0.0,0.2,4471002.5,5333917.5,4471469.0,5332660.0
265,265,11.0,11.0,0.2,4478602.0,5329961.0,4456465.0,5333540.0
266,266,11.0,0.0,0.2,4478263.5,5330508.0,4463981.0,5338032.5
267,267,0.0,0.0,0.2,4473510.0,5337003.5,4470949.0,5338836.5
268,268,11.0,0.0,0.2,4457050.5,5336061.5,4468862.5,5334495.5
269,269,11.0,11.0,0.2,4468974.5,5332870.5,4469980.0,5338039.0
270,270,0.0,0.0,0.2,4468589.0,5330511.0,4474979.5,5332314.0
271,271,11.0,11.0,0.2,4466509.0,5333458.0,4468266.337447274,5333584.31299755
272,272,11.0,11.0,0.2,4476392.5,5327114.5,4468503.5,5334786.5
273,273,11.0,0.0,0.2,4470002.0,5327708.5,4470765.0,5332028.0
274,274,11.0,0.0,0.2,4462780.0,5328424.0,4472550.0,5337462.0
275,275,11.0,0.0,0.2,4468515.5,5330314.0,4463051.5,5339379.5
276,276,11.0,0.0,0.2,4468445.5,5331297.0,4472973.5,5337646.0
277,277,11.0,11.0,0.2,4465456.0,5335415.0,4469661.0,5335974.5
278,278,11.0,0.0,0.2,4473319.5,5327601.0,4472799.5,5329620.0
279,279,11.0,0.0,0.2,4466943.0,5331953.5,4468424.0,5333632.0
280,280,0.0,0.0,0.2,4468869.0,5340225.0,4460100.5,5336192.5
281,281,11.0,0.0,0.2,4467015.5,5341899.0,4467548.0,5339531.0
282,282,11.0,0.0,0.2,4466133.0,5333223.5,4467304.5,5335849.0
283,283,11.0,0.0,0.2,4468849.5,5338331.0,4467304.5,5335849.0
284,284,11.0,11.0,0.2,4460462.5,5330966.0,4462677.0,5333219.5
285,285,11.0,0.0,0.2,4469317.5,5330483.5,4466903.0,5333515.0
286,286,0.0,0.0,0.2,4461616.5,5333520.5,4464988.5,5329473.5
287,287,11.0,0.0,0.2,4467648.0,5341534.5,4470070.0,5332812.0
288,288,11.0,0.0,0.2,4464853.0,5338055.0,4460806.0,5342190.5
289,289,0.0,11.0,0.2,4468869.0,5340225.0,4464961.5,5327126.0
290,290,11.0,0.0,0.2,4460827.5,5336302.5,4469538.0,5329049.0
291,291,11.0,0.0,0.2,4463929.5,5335859.5,4477525.5,5333848.0
292,292,11.0,0.0,0.2,4464389.5,5330182.5,4470673.5,5339089.0
293,293,11.0,0.0,0.2,4473524.5,5337050.0,4475839.5,5331879.0
294,294,11.0,0.0,0.2,4461040.0,5331997.5,4466765.5,5331049.5
295,295,0.0,11.0,0.2,4458448.5,5334532.5,4471741.5,5335742.5
296,296,11.0,0.0,0.2,4469877.0,5334275.5,4475688.0,5331742.5
297,297,11.0,0.0,0.2,4469421.5,5336171.0,4466026.0,5333410.5
298,298,11.0,0.0,0.2,4473053.0,5332544.5,4471051.5,5331672.0
299,299,11.0,11.0,0.2,4474432.5,5329183.5,4469545.634362308,5335465.099447844
300,300,0.0,11.0,0.2,4464006.5,5336465.0,4465630.0,5337206.5
301,301,11.0,0.0,0.2,4473715.0,5332571.5,4461044.0,5334235.0
302,302,11.0,0.0,0.2,4469551.5,5332251.5,4464653.535690008,5331483.765280518
303,303,11.0,0.0,0.2,4470101.5,5340728.0,4472475.0,5338998.5
304,304,11.0,0.0,0.2,4461018.0,5338023.5,4464462.652443699,5336155.051046955
305,305,11.0,0.0,0.2,4466044.5,5332218.5,4465831.0,5331139.0
306,306,0.0,0.0,0.2,4473899.5,5330108.0,4472475.0,5338998.5
307,307,11.0,0.0,0.2,4467534.5,5336682.5,4467424.0,5336121.0
308,308,11.0,0.0,0.2,4463067.5,5332363.0,4466026.0,5333410.5
309,309,11.0,0.0,0.2,4464838.5,5336829.5,4467419.0,5335691.0
310,310,11.0,11.0,0.2,4460561.0,5336332.5,4466644.0,5338959.5
311,311,11.0,0.0,0.2,4465930.0,5332774.0,4463811.0,5338175.5
312,312,11.0,0.0,0.2,4465664.5,5330655.5,4465594.02218932,5339091.790371029
313,313,11.0,0.0,0.2,4471278.5,5340354.5,4466255.5,5334831.0
314,314,0.0,0.0,0.2,4468715.0,5338514.5,4467578.5,5332696.0
315,315,11.0,11.0,0.2,4459939.5,5334347.0,4466765.5,5331049.5
316,316,11.0,0.0,0.2,4464975.5,5337555.5,4465872.5,5335054.5
317,317,11.0,0.0,0.2,4468027.0,5330297.5,4472480.5,5340832.5
318,318,0.0,0.0,0.2,4465822.5,5335818.0,4474417.581111334,5330620.468953651
319,319,0.0,11.0,0.2,4469448.5,5333440.0,4473677.186056683,5329088.2948237555
320,320,11.0,0.0,0.2,4468171.0,5327930.5,4467949.5,5335497.5
321,321,11.0,11.0,0.2,4467346.5,5332121.5,4475933.0,5331978.5
322,322,0.0,0.0,0.2,4468488.0,5336351.5,4475236.0,5332588.0
323,323,11.0,0.0,0.2,4472462.0,5336907.0,4474299.0,5327825.5
324,324,11.0,0.0,0.2,4465331.0,5333537.5,4467817.0,5343410.5
325,325,11.0,0.0,0.2,4463090.0,5327066.5,4461856.0,5342238.0
326,326,11.0,0.0,0.2,4463000.5,5333010.0,4475969.5,5336176.0
327,327,11.0,0.0,0.2,4468620.0,5328803.5,4461856.0,5342238.0
328,328,11.0,0.0,0.2,4463583.5,5330833.5,4468044.484490382,5338142.81000106
329,329,11.0,0.0,0.2,4463088.0,5327169.5,4470070.0,5332812.0
330,330,11.0,0.0,0.2,4466653.0,5330717.0,4468489.0,5339068.0
331,331,11.0,0.0,0.2,4466967.0,5341113.5,4470219.507412557,5335800.076136606
332,332,11.0,0.0,0.2,4462209.5,5338309.0,4470949.0,5338836.5
333,333,11.0,11.0,0.2,4466103.5,5331906.0,4463001.0,5337543.0
334,334,11.0,0.0,0.2,4463928.5,5335663.0,4464975.295575494,5334353.684523965
335,335,11.0,0.0,0.2,4473030.0,5330271.5,4462235.933989326,5327978.315771126
336,336,11.0,0.0,0.2,4465670.5,5333353.0,4475974.0,5327211.5
337,337,11.0,0.0,0.2,4463772.0,5331116.5,4467242.0,5335296.5
338,338,11.0,0.0,0.2,4463824.0,5338399.0,4463984.5,5337470.5
339,339,0.0,0.0,0.2,4468620.0,5334963.5,4465831.0,5331139.0
340,340,0.0,0.0,0.2,4471464.0,5335744.0,4468707.5,5331885.0
341,341,0.0,0.0,0.2,4462528.0,5328508.5,4467563.0,5334678.5
342,342,11.0,0.0,0.2,4461970.0,5332899.0,4460177.5,5334397.0
343,343,11.0,0.0,0.2,4468001.5,5334949.0,4467844.0,5333580.0
344,344,11.0,0.0,0.2,4456356.5,5334879.5,4464978.5,5328769.5
345,345,11.0,0.0,0.2,4463072.5,5337063.0,4478735.5,5333078.0
346,346,11.0,0.0,0.2,4465676.5,5332063.5,4458497.5,5337642.0
347,347,0.0,0.0,0.2,4468092.5,5329788.0,4470632.5,5332832.5
348,348,11.0,0.0,0.2,4465742.0,5330091.0,4471287.5,5332098.5
349,349,11.0,11.0,0.2,4465456.5,5327048.5,4464978.5,5328769.5
350,350,11.0,0.0,0.2,4467504.5,5338962.0,4467424.0,5334705.0
351,351,11.0,0.0,0.2,4469347.5,5340406.0,4464169.0,5330923.0
352,352,0.0,0.0,0.2,4463315.5,5332365.5,4467134.0,5335985.0
353,353,0.0,0.0,0.2,4464378.0,5327674.5,4470087.5,5330121.5
354,354,11.0,0.0,0.2,4469960.0,5329970.0,4468522.5,5332547.0
355,355,11.0,11.0,0.2,4473503.0,5329473.0,4465470.815976116,5333327.838055479
356,356,11.0,0.0,0.2,4461137.0,5328469.5,4465994.0,5333186.0
357,357,11.0,11.0,0.2,4470957.5,5334509.5,4466917.5,5334061.0
358,358,0.0,0.0,0.2,4463032.0,5338548.0,4460913.5,5342178.5
359,359,0.0,0.0,0.2,4464278.5,5333261.0,4457299.5,5336509.0
360,360,11.0,0.0,0.2,4466075.5,5331125.5,4472733.0,5334340.5
361,361,11.0,0.0,0.2,4473946.0,5328613.5,4463025.0,5332045.0
362,362,11.0,0.0,0.2,4477269.5,5332600.5,4466948.0,5334026.5
363,363,11.0,11.0,0.2,4469058.5,5330201.0,4455647.0,5337461.0
364,364,11.0,0.0,0.2,4471933.0,5333734.0,4472509.5,5336963.5
365,365,11.0,0.0,0.2,4461817.5,5328043.5,4465909.215442652,5334622.416335099
366,366,11.0,11.0,0.2,4468662.5,5329243.5,4469526.0,5335345.5
367,367,11.0,0.0,0.2,4476068.5,5332738.0,4472974.0,5342743.5
368,368,11.0,0.0,0.2,4462362.5,5330858.5,4468477.921057993,5332537.101748612
369,369,0.0,0.0,0.2,4460827.5,5336302.5,4470108.5,5331860.5
370,370,11.0,0.0,0.2,4465102.5,5335043.5,4465812.5,5330205.5
371,371,11.0,0.0,0.2,4468662.0,5328598.0,4467134.0,5335985.0
372,372,11.0,0.0,0.2,4469061.0,5338829.0,4467563.0,5334678.5
373,373,11.0,0.0,0.2,4471073.0,5340382.0,4468184.0,5330740.5
374,374,11.0,0.0,0.2,4458348.5,5336438.0,4462600.5,5340311.5
375,375,11.0,0.0,0.2,4465805.5,5333460.0,4467383.0,5334595.5
376,376,11.0,0.0,0.2,4473619.5,5333636.5,4467244.0,5333209.0
377,377,11.0,0.0,0.2,4468167.5,5335980.0,4465769.5,5332653.0
378,378,0.0,11.0,0.2,4461100.0,5327312.0,4466804.5,5339403.0
379,379,11.0,0.0,0.2,4459533.0,5339602.5,4465280.5,5336555.0
380,380,0.0,0.0,0.2,4465480.0,5335714.0,4456325.0,5337464.0
381,381,11.0,0.0,0.2,4464418.0,5330678.5,4472222.0,5334920.5
382,382,11.0,0.0,0.2,4462974.0,5330613.0,4459389.0,5334173.0
383,383,11.0,11.0,0.2,4464889.0,5337572.0,4466741.5,5334562.0
384,384,11.0,0.0,0.2,4466021.5,5335899.5,4466588.0,5330659.5
385,385,11.0,0.0,0.2,4456535.0,5334826.0,4467759.0,5335086.0
386,386,11.0,0.0,0.2,4478387.5,5329645.0,4471077.5,5330290.0
387,387,11.0,0.0,0.2,4469926.5,5330990.5,4469298.5,5335817.5
388,388,11.0,0.0,0.2,4459413.0,5333264.0,4465282.5,5340094.5
389,389,11.0,11.0,0.2,4459320.5,5334259.0,4462791.5,5335715.5
390,390,11.0,0.0,0.2,4464248.0,5330041.5,4469509.0,5339542.0
391,391,11.0,11.0,0.2,4468438.0,5336693.0,4465093.0,5341141.5
392,392,11.0,0.0,0.2,4462838.5,5338645.5,4468998.0,5339310.0
393,393,11.0,0.0,0.2,4468715.5,5337275.5,4473663.0,5337310.5
394,394,11.0,0.0,0.2,4472810.5,5332282.0,4469913.5,5338164.5
395,395,0.0,0.0,0.2,4463590.5,5334728.5,4457610.627503809,5337847.4703893885
396,396,11.0,0.0,0.2,4465050.5,5329721.5,4464169.5,5331198.5
397,397,11.0,0.0,0.2,4471780.0,5334136.0,4472974.0,5342743.5
398,398,11.0,0.0,0.2,4467270.0,5331596.0,4468733.5,5336389.5
399,399,11.0,0.0,0.2,4472382.5,5334012.5,4468184.0,5330740.5
400,400,11.0,11.0,0.2,4470261.5,5337889.0,4472606.5,5336690.0
401,401,11.0,11.0,0.2,4468438.0,5336693.0,4460913.5,5342178.5
402,402,11.0,0.0,0.2,4467502.5,5329475.5,4465312.5,5329155.0
403,403,11.0,0.0,0.2,4466678.0,5336171.5,4467593.5,5335152.5
404,404,11.0,0.0,0.2,4464248.0,5330041.5,4470021.0,5333187.0
405,405,11.0,0.0,0.2,4469142.5,5335930.0,4469141.0,5331105.5
406,406,11.0,11.0,0.2,4464571.0,5338584.5,4460716.5,5336307.0
407,407,11.0,11.0,0.2,4468760.0,5331507.0,4470545.5,5329641.5
408,408,11.0,0.0,0.2,4469396.5,5336659.0,4468141.5,5330442.0
409,409,11.0,11.0,0.2,4474558.0,5329981.0,4463407.5,5325974.5
410,410,0.0,11.0,0.2,4469700.5,5336518.0,4463540.0,5335371.5
411,411,11.0,0.0,0.2,4465686.5,5338665.5,4460607.0,5341900.5
412,412,11.0,0.0,0.2,4463286.0,5333092.5,4471972.5,5342532.0
413,413,11.0,0.0,0.2,4463591.0,5334944.5,4466058.5,5336693.0
414,414,11.0,11.0,0.2,4474792.0,5336391.5,4466585.0,5331324.0
415,415,11.0,0.0,0.2,4464142.5,5327184.0,4467201.5,5332605.0
416,416,0.0,11.0,0.2,4473575.0,5332143.0,4463089.5,5328124.5
417,417,0.0,0.0,0.2,4472847.0,5332093.5,4460722.5,5342203.0
418,418,11.0,11.0,0.2,4463185.5,5327772.5,4468114.5,5340806.0
419,419,0.0,0.0,0.2,4474358.0,5328369.0,4470027.5,5338234.0
420,420,11.0,0.0,0.2,4460583.0,5334769.5,4476769.0,5331372.0
421,421,11.0,0.0,0.2,4460913.5,5332454.0,4470181.0,5330199.0
422,422,11.0,0.0,0.2,4462496.5,5333398.0,4467563.0,5334678.5
423,423,11.0,0.0,0.2,4473829.0,5335845.5,4466283.0,5335722.0
424,424,0.0,0.0,0.2,4463618.5,5338808.0,4457992.5,5334387.0
425,425,11.0,0.0,0.2,4466594.0,5341002.5,4459504.0,5336309.0
426,426,11.0,0.0,0.2,4475769.5,5329862.5,4470191.0,5336083.0
427,427,11.0,0.0,0.2,4460373.0,5338406.0,4466526.0,5334873.5
428,428,11.0,0.0,0.2,4468217.5,5335416.5,4473661.0,5332425.5
429,429,11.0,0.0,0.2,4467069.5,5342463.5,4460722.5,5342203.0
430,430,11.0,0.0,0.2,4468383.5,5335635.5,4475514.788843365,5333169.7918877695
431,431,11.0,0.0,0.2,4475480.5,5327642.5,4467122.5,5334300.5
432,432,11.0,0.0,0.2,4464378.0,5327674.5,4473772.0,5334551.0
433,433,0.0,0.0,0.2,4465835.5,5333124.0,4459047.0,5336517.5
434,434,11.0,0.0,0.2,4474521.5,5329143.0,4468998.0,5339310.0
435,435,11.0,0.0,0.2,4473829.0,5335845.5,4463011.0,5339043.5
436,436,11.0,11.0,0.2,4470002.5,5331731.0,4466095.0,5335052.5
437,437,11.0,0.0,0.2,4463455.5,5334495.0,4468718.0,5339427.5
438,438,11.0,0.0,0.2,4466020.0,5334588.0,4473496.0,5333327.0
439,439,11.0,0.0,0.2,4470520.0,5330216.5,4478143.5,5332522.0
440,440,11.0,0.0,0.2,4468927.0,5329550.0,4465872.5,5335054.5
441,441,11.0,0.0,0.2,4468902.5,5339746.5,4472152.0,5332518.0
442,442,11.0,11.0,0.2,4461288.5,5331749.5,4457352.5,5333619.5
443,443,11.0,0.0,0.2,4465594.5,5332139.5,4466246.5,5331838.0
444,444,11.0,0.0,0.2,4463383.5,5337303.5,4474685.5,5333154.0
445,445,0.0,0.0,0.2,4462696.0,5337719.5,4468663.0,5330253.0
446,446,11.0,0.0,0.2,4464524.0,5337806.0,4464975.295575494,5334353.684523965
447,447,11.0,11.0,0.2,4466659.5,5330476.0,4462677.0,5333219.5
448,448,11.0,11.0,0.2,4469740.0,5328594.5,4470195.0,5333834.5
449,449,11.0,0.0,0.2,4473990.5,5328503.5,4469032.0,5329674.5
450,450,11.0,0.0,0.2,4460067.5,5334941.0,4469509.0,5339542.0
451,451,11.0,0.0,0.2,4461782.5,5330512.0,4473805.0,5329375.0
452,452,11.0,11.0,0.2,4463096.5,5336628.0,4473652.5,5330821.0
453,453,11.0,11.0,0.2,4472906.0,5329471.0,4470949.0,5338836.5
454,454,0.0,0.0,0.2,4467193.5,5342687.5,4474733.5,5332859.0
455,455,11.0,0.0,0.2,4461423.5,5327761.5,4457992.5,5334387.0
456,456,11.0,11.0,0.2,4466995.5,5334760.0,4475497.0,5332019.5
457,457,11.0,0.0,0.2,4466510.0,5335367.5,4467589.0,5334421.0
458,458,11.0,0.0,0.2,4475078.0,5331114.0,4461919.0,5326711.0
459,459,11.0,11.0,0.2,4469602.0,5332122.5,4459716.5,5336642.0
460,460,11.0,11.0,0.2,4467686.5,5338422.5,4471809.333629288,5330551.892629275
461,461,11.0,11.0,0.2,4469802.0,5337303.0,4470266.5,5330763.5
462,462,11.0,0.0,0.2,4468741.0,5336218.5,4463365.0,5338102.5
463,463,0.0,0.0,0.2,4459748.5,5334397.5,4471966.5,5332554.5
464,464,11.0,11.0,0.2,4464684.0,5331406.0,4465867.5,5327878.5
465,465,11.0,0.0,0.2,4467988.0,5341721.5,4473379.5,5331038.0
466,466,11.0,0.0,0.2,4459519.0,5334434.5,4468715.5,5339095.0
467,467,11.0,11.0,0.2,4472536.0,5328512.5,4461856.0,5342238.0
468,468,11.0,0.0,0.2,4478296.0,5330746.5,4467240.0,5335328.0
469,469,11.0,11.0,0.2,4463611.0,5336295.5,4464944.0,5332834.5
470,470,11.0,0.0,0.2,4464838.5,5336829.5,4464877.0,5332736.5
471,471,11.0,11.0,0.2,4460083.0,5339113.5,4469912.5,5336035.0
472,472,11.0,11.0,0.2,4472977.0,5331972.5,4473677.186056683,5329088.2948237555
473,473,11.0,11.0,0.2,4471836.0,5331732.0,4461242.5,5330480.5
474,474,0.0,0.0,0.2,4468290.5,5332302.5,4470632.5,5332832.5
475,475,11.0,11.0,0.2,4468652.0,5334622.5,4469170.5,5331011.5
476,476,11.0,0.0,0.2,4461392.0,5331206.0,4456323.0,5334239.0
477,477,11.0,0.0,0.2,4474814.0,5329897.0,4464346.970120871,5328836.790912115
478,478,11.0,0.0,0.2,4471055.0,5333071.0,4463856.5,5335180.0
479,479,11.0,0.0,0.2,4464677.0,5335099.0,4458870.582811245,5336828.52321982
480,480,0.0,11.0,0.2,4465554.0,5331850.0,4459383.0,5332988.5
481,481,11.0,0.0,0.2,4464863.5,5329057.0,4470087.5,5330121.5
482,482,0.0,0.0,0.2,4468303.0,5330077.5,4470181.0,5338986.0
483,483,0.0,0.0,0.2,4467951.0,5338763.5,4463250.0,5333599.0
484,484,11.0,0.0,0.2,4469802.0,5337303.0,4467055.0,5337849.5
485,485,11.0,11.0,0.2,4468460.0,5341149.0,4467084.5,5331567.5
486,486,11.0,11.0,0.2,4474437.5,5334723.5,4470996.5,5333296.0
487,487,0.0,0.0,0.2,4475707.5,5331462.0,4469912.5,5336035.0
488,488,11.0,11.0,0.2,4468648.5,5329952.0,4464787.0,5330379.5
489,489,0.0,11.0,0.2,4459211.5,5336347.5,4467861.0,5334771.0
490,490,11.0,11.0,0.2,4460135.0,5339826.5,4469699.5,5339714.0
491,491,0.0,0.0,0.2,4464693.5,5327106.0,4460397.0,5338737.5
492,492,11.0,0.0,0.2,4463758.5,5328352.0,4471036.966034077,5335557.47781597
493,493,11.0,0.0,0.2,4460509.0,5334311.5,4464961.5,5327126.0
494,494,11.0,0.0,0.2,4470810.0,5332873.0,4471494.0,5334650.0
495,495,11.0,0.0,0.2,4466011.0,5335984.0,4474541.5,5334550.5
496,496,11.0,0.0,0.2,4459331.0,5334591.5,4472973.5,5337646.0
497,497,11.0,0.0,0.2,4477866.0,5330234.0,4469912.5,5336035.0
498,498,11.0,0.0,0.2,4472589.5,5327884.5,4466765.5,5331049.5
499,499,11.0,11.0,0.2,4462383.0,5331127.0,4471287.5,5332098.5
500,500,11.0,11.0,0.2,4467388.0,5331327.5,4469402.0,5332629.5
501,501,11.0,0.0,0.2,4471760.0,5330101.0,4467383.0,5334595.5
502,502,11.0,0.0,0.2,4462064.5,5331958.5,4468949.0,5331019.0
503,503,11.0,11.0,0.2,4466137.0,5334082.5,4460659.0,5339980.0
504,504,11.0,0.0,0.2,4467951.0,5338763.5,4466741.5,5334562.0
505,505,11.0,11.0,0.2,4473696.5,5336626.5,4466501.0,5333991.5
506,506,11.0,11.0,0.2,4469536.0,5336195.5,4472417.0,5341354.0
507,507,0.0,0.0,0.2,4471921.5,5329937.0,4466272.0,5337230.0
508,508,11.0,11.0,0.2,4463884.5,5335068.0,4467530.5,5333340.5
509,509,0.0,0.0,0.2,4470429.611811188,5335202.922592325,4467667.0,5333460.0
510,510,11.0,0.0,0.2,4476633.0,5330678.0,4472974.0,5342743.5
511,511,11.0,0.0,0.2,4460226.5,5339072.0,4469455.0,5340568.5
512,512,11.0,0.0,0.2,4460562.5,5340262.0,4468292.5,5333221.0
513,513,11.0,0.0,0.2,4465746.0,5332091.5,4463521.0,5335129.0
514,514,11.0,0.0,0.2,4470643.5,5330557.0,4472557.0,5332180.0
515,515,11.0,0.0,0.2,4466613.0,5338018.0,4463377.0,5328452.5
516,516,11.0,0.0,0.2,4465767.5,5333115.0,4461326.0,5341786.0
517,517,11.0,11.0,0.2,4463854.0,5332365.5,4463516.5,5335710.5
518,518,11.0,0.0,0.2,4468312.5,5334962.0,4469257.0,5341262.0
519,519,11.0,11.0,0.2,4470261.5,5337889.0,4466181.0,5333503.0
520,520,11.0,0.0,0.2,4469700.0,5331750.5,4465556.0,5329749.0
521,521,11.0,0.0,0.2,4465683.0,5334515.5,4475524.0,5332985.5
522,522,11.0,0.0,0.2,4463335.0,5332601.0,4472606.5,5336690.0
523,523,11.0,11.0,0.2,4468684.5,5331571.0,4465872.5,5335054.5
524,524,11.0,0.0,0.2,4464942.5,5338827.5,4466989.0,5338218.5
525,525,11.0,11.0,0.2,4474585.0,5330827.5,4465994.0,5333186.0
526,526,11.0,0.0,0.2,4461988.5,5330321.0,4467481.0,5333780.5
527,527,11.0,11.0,0.2,4465746.0,5332091.5,4465509.0,5340107.0
528,528,0.0,0.0,0.2,4470101.5,5340728.0,4460913.5,5342178.5
529,529,11.0,0.0,0.2,4468441.5,5335202.0,4467752.0,5334039.0
530,530,11.0,11.0,0.2,4459914.0,5332974.0,4472986.5,5336776.0
531,531,11.0,0.0,0.2,4459344.0,5340128.0,4467989.5,5334466.0
532,532,11.0,0.0,0.2,4465439.5,5334885.0,4470110.0,5331359.5
533,533,11.0,0.0,0.2,4471218.5,5331386.0,4472889.0,5336794.5
534,534,11.0,0.0,0.2,4461762.0,5327158.0,4467122.5,5334300.5
535,535,0.0,0.0,0.2,4466133.0,5333223.5,4469667.0,5339011.0
536,536,0.0,0.0,0.2,4474308.0,5330241.5,4467381.0,5339490.0
537,537,11.0,0.0,0.2,4468692.0,5330115.5,4472973.5,5337646.0
538,538,11.0,0.0,0.2,4473646.5,5332447.5,4465485.0,5333475.5
539,539,11.0,0.0,0.2,4468676.0,5332446.5,4467931.5,5332694.0
540,540,11.0,0.0,0.2,4467867.5,5331988.5,4464583.0,5331603.0
541,541,11.0,11.0,0.2,4463823.5,5335328.0,4460397.038046461,5340843.188092656
542,542,0.0,0.0,0.2,4470653.5,5332450.5,4466644.0,5338959.5
543,543,0.0,11.0,0.2,4465490.5,5334592.0,4455770.5,5333779.0
544,544,11.0,0.0,0.2,4463940.0,5332435.0,4470969.0,5332223.5
545,545,11.0,0.0,0.2,4470588.0,5334925.0,4460805.5,5339539.0
546,546,11.0,11.0,0.2,4472311.0,5331329.5,4466359.5,5338999.0
547,547,11.0,0.0,0.2,4467964.0,5337870.5,4465093.0,5341141.5
548,548,11.0,0.0,0.2,4471498.5,5331157.0,4471455.0,5330908.5
549,549,11.0,11.0,0.2,4462969.0,5333479.0,4467844.0,5333580.0
550,550,11.0,11.0,0.2,4472592.0,5339552.5,4468791.0,5335134.5
551,551,11.0,0.0,0.2,4473256.0,5329072.5,4466741.5,5334562.0
552,552,11.0,0.0,0.2,4470359.5,5330900.5,4466919.5,5334143.5
553,553,11.0,11.0,0.2,4467259.0,5336739.5,4467339.5,5332651.5
554,554,11.0,0.0,0.2,4465524.5,5331148.5,4474526.0,5332457.5
555,555,0.0,11.0,0.2,4470295.5,5332660.5,4457610.627503809,5337847.4703893885
556,556,11.0,0.0,0.2,4460848.0,5331499.0,4461919.0,5326711.0
557,557,0.0,0.0,0.2,4473575.0,5332143.0,4470390.5,5332683.0
558,558,11.0,0.0,0.2,4468664.5,5332998.5,4468647.0,5334946.5
559,559,11.0,0.0,0.2,4465742.0,5330091.0,4462708.5,5339326.0
560,560,11.0,0.0,0.2,4474423.5,5331404.0,4458137.5,5334812.5
561,561,11.0,11.0,0.2,4467360.0,5329448.0,4464242.560277214,5332451.64105872
562,562,11.0,0.0,0.2,4468460.5,5336952.0,4470673.5,5339089.0
563,563,11.0,0.0,0.2,4476015.0,5337055.5,4473423.5,5334840.5
564,564,11.0,0.0,0.2,4466483.0,5330207.5,4470780.5,5330866.5
565,565,11.0,0.0,0.2,4472558.5,5336754.5,4466538.0,5331806.5
566,566,11.0,0.0,0.2,4475512.5,5327630.0,4469222.0,5337487.5
567,567,0.0,0.0,0.2,4467548.0,5334621.0,4460797.810458061,5332760.157780787
568,568,11.0,11.0,0.2,4465456.5,5327048.5,4463811.0,5338175.5
569,569,11.0,0.0,0.2,4464536.5,5330544.5,4471816.0,5329837.0
570,570,11.0,0.0,0.2,4469185.0,5340697.5,4465674.5,5334724.0
571,571,0.0,0.0,0.2,4473822.5,5335889.5,4464988.5,5329473.5
572,572,11.0,0.0,0.2,4460891.0,5337408.5,4465909.215442652,5334622.416335099
573,573,11.0,0.0,0.2,4465321.0,5330670.0,4471020.0,5339731.5
574,574,11.0,0.0,0.2,4477864.5,5332591.5,4462921.984583263,5327727.118061613
575,575,11.0,0.0,0.2,4465893.624544016,5336851.361430629,4466613.5,5334440.5
576,576,11.0,0.0,0.2,4473472.5,5330306.0,4473772.0,5329961.0
577,577,0.0,0.0,0.2,4467466.5,5341626.5,4465095.0,5342115.5
578,578,11.0,0.0,0.2,4463662.0,5333361.5,4465485.0,5333475.5
579,579,0.0,11.0,0.2,4466062.0,5332357.0,4466075.5,5336277.5
580,580,11.0,11.0,0.2,4465686.5,5332145.5,4470070.0,5332812.0
581,581,11.0,0.0,0.2,4462756.5,5338088.5,4457610.627503809,5337847.4703893885
582,582,11.0,0.0,0.2,4471938.0,5333841.5,4471972.5,5342532.0
583,583,11.0,0.0,0.2,4466071.5,5334385.0,4472974.0,5342743.5
584,584,0.0,0.0,0.2,4470035.0,5336995.5,4468681.5,5333401.5
585,585,0.0,0.0,0.2,4469394.5,5332595.5,4460084.668894793,5338946.637642431
586,586,11.0,0.0,0.2,4461392.0,5331206.0,4475933.0,5331978.5
587,587,0.0,0.0,0.2,4462988.0,5329340.5,4465263.0,5338841.5
588,588,0.0,0.0,0.2,4474651.0,5336327.5,4467752.0,5334039.0
589,589,0.0,0.0,0.2,4472894.5,5328865.0,4467373.0,5340624.0
590,590,11.0,0.0,0.2,4465694.0,5334909.0,4465112.0,5328751.5
591,591,11.0,11.0,0.2,4463590.0,5335142.0,4465280.5,5336555.0
592,592,11.0,0.0,0.2,4467844.0,5330482.5,4467373.0,5340624.0
593,593,11.0,0.0,0.2,4465953.5,5335181.5,4466775.5,5331321.5
594,594,11.0,11.0,0.2,4470429.611811188,5335202.922592325,4460538.5,5337881.0
595,595,11.0,0.0,0.2,4463071.0,5330274.5,4458497.5,5335727.5
596,596,11.0,0.0,0.2,4468227.0,5332708.5,4469795.5,5328154.5
597,597,11.0,0.0,0.2,4461479.0,5338159.5,4475974.0,5327211.5
598,598,11.0,0.0,0.2,4461513.0,5330997.5,4469032.0,5329674.5
599,599,11.0,0.0,0.2,4466012.5,5334370.0,4468783.5,5332536.5
600,600,11.0,0.0,0.2,4464256.0,5333742.5,4470804.5,5340131.5
601,601,11.0,0.0,0.2,4473892.5,5334426.0,4468684.25714752,5334385.787503791
602,602,11.0,0.0,0.2,4470867.5,5340839.5,4466026.0,5333410.5
603,603,11.0,0.0,0.2,4468180.5,5332086.5,4471695.0,5332794.0
604,604,11.0,0.0,0.2,4465490.5,5334592.0,4475875.0,5336034.5
605,605,11.0,0.0,0.2,4468003.5,5336238.5,4470821.0,5330116.5
606,606,11.0,11.0,0.2,4467440.0,5332485.0,4464431.5,5334592.5
607,607,0.0,0.0,0.2,4456813.5,5338148.0,4467424.0,5336121.0
608,608,11.0,0.0,0.2,4463645.5,5327234.5,4469635.0,5331089.5
609,609,11.0,0.0,0.2,4471431.0,5339819.0,4470108.5,5331860.5
610,610,11.0,0.0,0.2,4465650.0,5330180.0,4475321.0,5332868.0
611,611,11.0,11.0,0.2,4468063.0,5341710.5,4472121.5,5336347.0
612,612,11.0,11.0,0.2,4466607.0,5341171.0,4472481.0,5331564.5
613,613,0.0,0.0,0.2,4466463.0,5331482.5,4466266.0,5333491.0
614,614,11.0,0.0,0.2,4464640.0,5335528.0,4472261.5,5341105.5
615,615,11.0,0.0,0.2,4465640.0,5331950.5,4470110.0,5331359.5
616,616,11.0,11.0,0.2,4471140.5,5331085.0,4473585.5,5329778.0
617,617,11.0,0.0,0.2,4464347.0,5331042.5,4467769.5,5329534.5
618,618,11.0,0.0,0.2,4468830.0,5337802.5,4461263.5,5342124.0
619,619,11.0,0.0,0.2,4473150.5,5328934.5,4466919.5,5334143.5
620,620,0.0,0.0,0.2,4471002.5,5333917.5,4461919.0,5326711.0
621,621,11.0,0.0,0.2,4466926.0,5332463.0,4464169.0,5330923.0
622,622,11.0,0.0,0.2,4462025.0,5338764.0,4463521.0,5335129.0
623,623,11.0,0.0,0.2,4469927.5,5331861.0,4473804.0,5328073.5
624,624,11.0,0.0,0.2,4464719.0,5327231.5,4473637.0,5332383.5
625,625,0.0,0.0,0.2,4463451.5,5329901.0,4470877.0,5339915.5
626,626,11.0,0.0,0.2,4459336.5,5334323.5,4463299.0,5335936.5
627,627,11.0,0.0,0.2,4461473.0,5336806.0,4458254.5,5334116.5
628,628,0.0,0.0,0.2,4469927.5,5331861.0,4475827.5,5333319.5
629,629,11.0,0.0,0.2,4456288.5,5334848.0,4455770.5,5333779.0
630,630,11.0,0.0,0.2,4466128.0,5332020.0,4465562.0,5332526.0
631,631,11.0,11.0,0.2,4467360.0,5329448.0,4464177.5,5341780.5
632,632,11.0,11.0,0.2,4465801.5,5335646.5,4462540.0,5327584.0
633,633,11.0,0.0,0.2,4468985.0,5336863.0,4465259.0,5329157.5
634,634,11.0,11.0,0.2,4462372.0,5332047.5,4475969.5,5336176.0
635,635,0.0,0.0,0.2,4466549.5,5340410.0,4474718.0,5332929.0
636,636,11.0,0.0,0.2,4462527.0,5333792.0,4464978.5,5328769.5
637,637,11.0,0.0,0.2,4468901.0,5331173.0,4463466.5,5333905.0
638,638,11.0,0.0,0.2,4459467.5,5339556.0,4466501.0,5341037.0
639,639,11.0,11.0,0.2,4468271.0,5340506.0,4476790.5,5331375.5
640,640,11.0,0.0,0.2,4464522.5,5326747.0,4463168.0,5339239.5
641,641,11.0,11.0,0.2,4469155.0,5330835.0,4470210.5,5328592.0
642,642,11.0,11.0,0.2,4460743.5,5331993.0,4461151.5,5341781.0
643,643,11.0,0.0,0.2,4464160.5,5333147.5,4468643.0,5339360.0
644,644,11.0,0.0,0.2,4467709.0,5332680.0,4459977.0,5334075.5
645,645,11.0,0.0,0.2,4467466.5,5341626.5,4476013.5,5331238.0
646,646,11.0,0.0,0.2,4468465.5,5330067.5,4465867.5,5327878.5
647,647,11.0,0.0,0.2,4469589.0,5329994.0,4471185.5,5330214.0
648,648,11.0,11.0,0.2,4462406.0,5328590.5,4468094.0,5340015.0
649,649,11.0,11.0,0.2,4470100.5,5337016.5,4468621.73051457,5334808.382142942
650,650,11.0,0.0,0.2,4465130.5,5333629.0,4470673.5,5339089.0
651,651,11.0,0.0,0.2,4465559.0,5334920.5,4470424.0,5339668.5
652,652,0.0,0.0,0.2,4463605.5,5333763.5,4466521.5,5333802.5
653,653,11.0,0.0,0.2,4478350.0,5330579.5,4466521.5,5333802.5
654,654,11.0,0.0,0.2,4465516.0,5334613.5,4470220.5,5329593.0
655,655,11.0,0.0,0.2,4468253.0,5338026.5,4466389.5,5333120.0
656,656,11.0,0.0,0.2,4460808.0,5334733.0,4459683.5,5334263.5
657,657,11.0,11.0,0.2,4469789.0,5330321.5,4465304.5,5329348.0
658,658,11.0,0.0,0.2,4468732.5,5328597.0,4465298.5,5331579.0
659,659,11.0,11.0,0.2,4460798.0,5337459.0,4473677.186056683,5329088.2948237555
660,660,11.0,0.0,0.2,4472956.0,5335510.0,4456323.0,5334239.0
661,661,11.0,0.0,0.2,4461887.5,5342694.0,4458893.0,5334680.5
662,662,0.0,0.0,0.2,4466007.5,5333044.5,4471816.0,5329837.0
663,663,11.0,0.0,0.2,4470165.0,5328287.0,4470108.5,5331860.5
664,664,11.0,0.0,0.2,4470961.0,5329276.5,4467304.5,5335849.0
665,665,11.0,0.0,0.2,4468097.0,5338023.0,4465356.0,5331346.5
666,666,11.0,11.0,0.2,4468709.0,5332056.5,4466927.0,5335580.5
667,667,11.0,0.0,0.2,4472753.0,5329983.0,4459383.0,5332988.5
668,668,0.0,11.0,0.2,4465048.0,5337590.5,4472824.0,5336864.5
669,669,11.0,0.0,0.2,4464735.5,5330649.5,4465867.5,5327878.5
670,670,11.0,11.0,0.2,4462683.5,5333515.5,4467339.5,5332651.5
671,671,11.0,0.0,0.2,4468605.5,5335147.5,4465115.5,5333417.0
672,672,11.0,0.0,0.2,4473998.0,5332459.5,4467459.5,5332285.5
673,673,11.0,0.0,0.2,4466133.0,5333223.5,4472733.0,5334340.5
674,674,11.0,0.0,0.2,4472406.54349768,5332882.751108478,4466337.0,5339660.0
675,675,11.0,0.0,0.2,4464248.5,5329361.0,4469477.5,5329088.5
676,676,11.0,0.0,0.2,4470752.5,5341079.0,4466872.5,5338956.5
677,677,11.0,11.0,0.2,4466559.5,5332080.5,4472974.0,5342743.5
678,678,11.0,0.0,0.2,4469193.5,5330729.5,4466951.5,5333884.5
679,679,11.0,0.0,0.2,4471105.0,5335467.5,4474374.5,5333582.0
680,680,0.0,11.0,0.2,4473075.5,5335559.5,4461233.5,5336364.5
681,681,11.0,0.0,0.2,4467702.0,5341335.5,4475933.0,5331978.5
682,682,11.0,0.0,0.2,4474080.0,5328795.0,4463231.5,5333616.0
683,683,11.0,0.0,0.2,4463672.0,5328051.0,4463279.0,5339052.5
684,684,11.0,11.0,0.2,4467982.5,5328811.0,4472417.0,5341354.0
685,685,11.0,0.0,0.2,4460934.0,5338889.0,4466872.5,5338956.5
686,686,0.0,0.0,0.2,4465148.5,5333661.5,4474555.5,5336532.5
687,687,0.0,0.0,0.2,4468136.5,5328825.0,4466828.5,5338960.0
688,688,11.0,0.0,0.2,4459665.5,5334808.0,4474051.0,5335895.5
689,689,11.0,0.0,0.2,4467857.5,5333860.5,4463664.0,5334614.0
690,690,11.0,0.0,0.2,4468097.0,5338023.0,4473123.5,5336720.0
691,691,11.0,0.0,0.2,4478386.0,5330258.0,4467424.0,5336121.0
692,692,11.0,0.0,0.2,4467556.5,5334704.0,4466766.846642779,5331541.124938061
693,693,11.0,0.0,0.2,4471764.0,5331844.0,4458137.5,5334812.5
694,694,11.0,0.0,0.2,4468451.5,5340758.5,4466488.5,5332105.5
695,695,11.0,0.0,0.2,4458798.5,5338341.5,4474373.5,5328555.0
696,696,11.0,0.0,0.2,4466021.0,5333428.5,4468522.5,5332547.0
697,697,11.0,0.0,0.2,4467261.5,5335876.0,4467667.0,5333460.0
698,698,11.0,0.0,0.2,4469122.5,5332206.0,4471178.0,5332982.5
699,699,0.0,11.0,0.2,4457257.0,5334377.5,4470711.5,5330676.0
700,700,11.0,0.0,0.2,4473570.0,5329952.0,4471477.0,5333059.0
701,701,0.0,0.0,0.2,4468440.5,5335803.5,4462677.0,5333219.5
702,702,11.0,0.0,0.2,4469743.5,5330468.0,4468613.5,5330837.0
703,703,11.0,0.0,0.2,4459134.0,5334145.0,4472973.5,5337646.0
704,704,11.0,0.0,0.2,4467918.0,5335280.5,4468156.5,5336821.0
705,705,0.0,11.0,0.2,4472324.0,5333580.5,4469014.0,5334604.0
706,706,11.0,11.0,0.2,4465618.0,5331168.5,4469657.0,5333537.5
707,707,11.0,0.0,0.2,4467928.5,5334957.0,4466951.5,5333884.5
708,708,11.0,0.0,0.2,4467762.5,5340862.5,4473181.5,5328657.5
709,709,11.0,0.0,0.2,4459246.5,5338910.0,4475794.0,5333975.0
710,710,11.0,0.0,0.2,4465804.0,5334334.0,4472557.0,5332180.0
711,711,11.0,0.0,0.2,4465612.5,5336424.5,4470012.0,5333021.5
712,712,11.0,0.0,0.2,4472311.0,5331329.5,4469500.783127457,5335906.024883081
713,713,11.0,0.0,0.2,4467327.0,5336317.0,4464655.5,5333218.0
714,714,11.0,0.0,0.2,4470382.5,5330217.5,4472480.5,5340832.5
715,715,11.0,0.0,0.2,4463945.0,5334821.0,4465831.0,5331139.0
716,716,11.0,0.0,0.2,4469518.0,5336809.0,4464351.0,5332605.0
717,717,0.0,0.0,0.2,4468333.0,5333216.5,4460538.5,5337881.0
718,718,11.0,0.0,0.2,4464365.0,5330878.0,4464564.5,5340294.5
719,719,11.0,0.0,0.2,4465405.0,5334273.0,4465280.5,5336555.0
720,720,11.0,11.0,0.2,4463394.5,5332544.5,4470195.0,5333834.5
721,721,11.0,11.0,0.2,4459076.5,5335917.5,4470100.5,5338189.0
722,722,0.0,11.0,0.2,4463152.5,5333510.5,4472480.5,5340832.5
723,723,11.0,0.0,0.2,4472497.0,5331564.5,4464177.5,5341780.5
724,724,11.0,0.0,0.2,4464514.5,5330159.0,4466725.393673134,5339025.142555208
725,725,11.0,0.0,0.2,4466558.0,5330854.5,4462744.0,5339239.5
726,726,11.0,0.0,0.2,4470463.0,5341106.5,4467299.0,5334732.5
727,727,11.0,0.0,0.2,4462801.5,5331004.0,4473772.0,5329961.0
728,728,11.0,0.0,0.2,4469991.5,5332203.0,4468568.0,5335490.0
729,729,11.0,0.0,0.2,4469366.0,5336448.0,4466058.5,5336693.0
730,730,11.0,0.0,0.2,4464203.5,5333722.0,4467481.0,5333780.5
731,731,0.0,0.0,0.2,4464861.5,5326499.5,4471477.0,5333059.0
732,732,0.0,11.0,0.2,4466558.0,5330854.5,4464706.5,5327998.5
733,733,11.0,11.0,0.2,4467323.0,5334168.0,4468340.0,5338377.5
734,734,0.0,0.0,0.2,4465380.5,5333572.5,4472261.5,5341105.5
735,735,11.0,0.0,0.2,4469227.0,5330661.0,4464944.0,5335378.0
736,736,11.0,11.0,0.2,4463773.0,5333184.0,4469538.0,5329049.0
737,737,11.0,0.0,0.2,4459475.5,5333254.5,4463250.0,5333599.0
738,738,11.0,0.0,0.2,4467552.0,5336040.5,4473772.0,5334551.0
739,739,11.0,0.0,0.2,4456708.0,5336076.5,4467444.5,5339483.5
740,740,11.0,0.0,0.2,4467610.5,5332617.0,4476013.5,5331238.0
741,741,11.0,0.0,0.2,4461018.0,5338023.5,4461456.0,5341517.0
742,742,11.0,0.0,0.2,4469179.5,5330651.5,4463231.5,5333616.0
743,743,11.0,11.0,0.2,4466039.5,5335608.5,4466725.393673134,5339025.142555208
744,744,0.0,0.0,0.2,4461473.0,5336806.0,4467084.5,5331567.5
745,745,11.0,0.0,0.2,4461867.0,5328313.0,4463299.0,5335936.5
746,746,11.0,0.0,0.2,4469859.5,5328646.0,4467149.84551038,5342554.693876154
747,747,11.0,0.0,0.2,4469549.5,5332106.5,4466256.0,5334113.0
748,748,11.0,0.0,0.2,4460891.0,5337408.5,4460791.5,5341955.0
749,749,0.0,0.0,0.2,4467262.0,5336683.5,4476331.0,5334077.0
750,750,11.0,0.0,0.2,4459211.0,5335307.0,4470021.0,5333187.0
751,751,11.0,0.0,0.2,4472685.0,5331661.0,4465282.5,5340094.5
752,752,11.0,0.0,0.2,4464056.5,5330472.5,4462235.933989326,5327978.315771126
753,753,0.0,0.0,0.2,4467548.0,5335492.0,4472121.5,5336347.0
754,754,11.0,0.0,0.2,4459800.0,5339561.0,4465359.0,5332698.5
755,755,0.0,0.0,0.2,4465034.0,5338252.5,4468055.5,5338866.0
756,756,11.0,0.0,0.2,4474446.5,5331330.0,4467445.5,5332944.5
757,757,11.0,0.0,0.2,4474814.0,5329897.0,4455612.5,5338111.0
758,758,11.0,0.0,0.2,4469543.0,5337504.0,4465093.0,5341141.5
759,759,11.0,0.0,0.2,4467121.5,5333123.0,4465321.5,5337211.0
760,760,0.0,0.0,0.2,4464278.5,5333261.0,4466544.5,5338926.5
761,761,11.0,0.0,0.2,4467883.5,5332551.0,4465471.0,5337259.0
762,762,0.0,0.0,0.2,4462023.0,5326597.0,4469298.5,5335817.5
763,763,0.0,11.0,0.2,4468005.0,5334912.0,4467105.5,5331812.0
764,764,11.0,0.0,0.2,4461084.5,5332401.5,4464346.970120871,5328836.790912115
765,765,11.0,0.0,0.2,4465604.5,5336445.0,4465556.0,5329749.0
766,766,11.0,11.0,0.2,4461372.5,5330754.0,4470431.0,5331051.5
767,767,11.0,0.0,0.2,4472329.5,5333883.0,4468663.0,5330253.0
768,768,11.0,0.0,0.2,4463573.5,5340660.5,4472833.0,5337487.0
769,769,11.0,0.0,0.2,4470752.5,5341079.0,4475735.5,5335140.5
770,770,11.0,0.0,0.2,4461778.0,5331123.5,4470548.0,5332159.5
771,771,11.0,0.0,0.2,4475120.0,5328406.5,4469704.5,5339560.5
772,772,11.0,0.0,0.2,4467561.0,5332436.5,4466065.0,5331867.0
773,773,11.0,0.0,0.2,4468438.0,5336693.0,4469429.5,5332626.0
774,774,11.0,0.0,0.2,4465611.5,5333297.0,4464242.560277214,5332451.64105872
775,775,11.0,0.0,0.2,4462064.5,5331958.5,4464489.5,5333566.0
776,776,11.0,0.0,0.2,4467065.0,5342870.5,4459858.5,5333476.0
777,777,11.0,0.0,0.2,4464489.0,5328386.5,4466163.5,5335565.0
778,778,11.0,0.0,0.2,4457715.5,5334586.5,4463231.5,5333616.0
779,779,0.0,0.0,0.2,4467607.5,5334962.5,4467481.0,5333780.5
780,780,11.0,11.0,0.2,4465260.0,5331280.0,4464284.0,5340263.5
781,781,11.0,0.0,0.2,4470330.0,5330261.5,4469350.0,5338904.0
782,782,11.0,0.0,0.2,4474834.0,5327240.0,4472799.5,5335546.0
783,783,11.0,11.0,0.2,4474338.0,5330468.5,4466273.207585832,5332485.91864724
784,784,11.0,0.0,0.2,4463494.0,5326542.0,4467692.0,5335506.5
785,785,11.0,0.0,0.2,4462852.5,5330645.5,4461156.5,5342328.0
786,786,11.0,0.0,0.2,4461280.5,5328027.5,4465380.5,5338297.0
787,787,11.0,0.0,0.2,4462383.0,5331127.0,4465380.5,5338297.0
788,788,11.0,0.0,0.2,4474259.5,5335465.5,4472974.0,5342743.5
789,789,11.0,11.0,0.2,4474670.5,5329649.5,4462540.0,5327584.0
790,790,11.0,0.0,0.2,4459752.0,5337065.5,4468067.5,5339803.0
791,791,11.0,11.0,0.2,4467925.5,5338187.0,4470108.5,5331860.5
792,792,11.0,11.0,0.2,4468660.0,5341358.0,4462708.5,5339326.0
793,793,11.0,0.0,0.2,4469219.0,5330444.5,4472121.5,5336347.0
794,794,11.0,0.0,0.2,4464093.5,5327994.5,4470558.0,5338916.5
795,795,11.0,0.0,0.2,4461423.5,5327761.5,4477581.0,5332448.0
796,796,11.0,0.0,0.2,4462476.5,5328666.5,4458101.5,5337673.0
797,797,11.0,0.0,0.2,4461877.0,5331563.5,4456765.114624877,5336774.7131852945
798,798,11.0,0.0,0.2,4470330.5,5337641.5,4468011.0,5341329.0
799,799,11.0,11.0,0.2,4457050.5,5336061.5,4459858.5,5333476.0
800,800,11.0,11.0,0.2,4465542.5,5332774.0,4470431.0,5331051.5
801,801,11.0,0.0,0.2,4477025.0,5332572.5,4473442.411219116,5331918.829903983
802,802,11.0,0.0,0.2,4463823.5,5335328.0,4455612.5,5338111.0
803,803,11.0,0.0,0.2,4466326.5,5331170.5,4475236.0,5332588.0
804,804,11.0,11.0,0.2,4472513.5,5330197.5,4467817.0,5343410.5
805,805,11.0,11.0,0.2,4472842.5,5332081.0,4469350.0,5338904.0
806,806,11.0,0.0,0.2,4464791.5,5338859.5,4468177.5,5338860.0
807,807,0.0,0.0,0.2,4470744.0,5333254.0,4464017.169280048,5338209.046225899
808,808,0.0,0.0,0.2,4469584.5,5331734.5,4463192.5,5327661.0
809,809,0.0,11.0,0.2,4464679.5,5337512.5,4472973.5,5337646.0
810,810,11.0,0.0,0.2,4460509.5,5334110.0,4457610.627503809,5337847.4703893885
811,811,11.0,0.0,0.2,4471564.0,5335518.5,4472257.5,5332527.0
812,812,11.0,0.0,0.2,4462347.0,5333275.0,4466923.0,5328671.5
813,813,11.0,11.0,0.2,4467353.5,5334727.5,4463299.0,5335936.5
814,814,0.0,0.0,0.2,4467025.0,5336624.5,4465093.0,5341141.5
815,815,0.0,0.0,0.2,4464113.0,5338431.0,4466923.0,5328671.5
816,816,11.0,0.0,0.2,4472609.0,5332171.0,4459019.5,5335564.5
817,817,0.0,0.0,0.2,4468039.0,5338650.5,4470858.5,5329477.0
818,818,11.0,0.0,0.2,4477273.5,5332513.5,4467769.5,5329534.5
819,819,11.0,0.0,0.2,4469700.0,5331750.5,4466644.0,5338959.5
820,820,11.0,11.0,0.2,4462147.5,5330463.5,4472704.0,5330866.5
821,821,11.0,0.0,0.2,4470721.0,5340950.5,4457891.32128279,5336641.314594024
822,822,0.0,0.0,0.2,4464854.0,5337997.5,4466095.0,5335052.5
823,823,11.0,11.0,0.2,4467232.5,5335466.5,4467373.0,5340624.0
824,824,11.0,0.0,0.2,4464398.5,5337596.0,4465167.0,5341131.0
825,825,11.0,0.0,0.2,4456970.0,5336277.5,4465190.0,5333649.0
826,826,0.0,11.0,0.2,4464052.0,5326521.5,4470539.5,5340021.0
827,827,11.0,0.0,0.2,4465410.0,5335021.0,4470431.0,5331051.5
828,828,11.0,0.0,0.2,4463891.0,5339058.5,4471966.5,5332554.5
829,829,11.0,0.0,0.2,4463431.5,5338433.0,4462708.5,5339326.0
830,830,11.0,0.0,0.2,4464902.5,5338780.5,4465056.0,5338141.5
831,831,0.0,11.0,0.2,4468459.5,5337350.5,4458137.5,5334812.5
832,832,11.0,0.0,0.2,4464585.0,5327012.5,4469912.5,5336035.0
833,833,11.0,0.0,0.2,4467295.5,5332195.5,4469785.5,5338298.5
834,834,11.0,0.0,0.2,4473045.5,5335344.5,4466305.0,5336366.0
835,835,11.0,0.0,0.2,4468275.0,5329908.0,4477774.5,5333004.0
836,836,11.0,11.0,0.2,4462910.0,5332968.0,4475969.5,5336176.0
837,837,11.0,0.0,0.2,4468049.5,5332431.5,4462540.0,5327584.0
838,838,11.0,0.0,0.2,4460898.0,5327408.0,4461256.5,5342046.0
839,839,0.0,0.0,0.2,4468745.5,5333070.0,4467110.0,5342121.0
840,840,11.0,0.0,0.2,4473045.5,5335344.5,4469980.0,5338039.0
841,841,11.0,11.0,0.2,4473763.0,5333823.5,4470195.0,5333834.5
842,842,11.0,0.0,0.2,4466964.5,5342270.5,4459383.0,5332988.5
843,843,11.0,0.0,0.2,4464863.5,5329057.0,4473442.411219116,5331918.829903983
844,844,11.0,0.0,0.2,4476032.0,5332226.5,4465190.0,5333649.0
845,845,11.0,0.0,0.2,4471330.0,5339242.0,4464222.0,5328960.5
846,846,11.0,0.0,0.2,4470650.5,5330415.5,4470789.633793688,5331426.322871052
847,847,11.0,0.0,0.2,4464908.5,5338718.0,4461809.5,5334156.5
848,848,0.0,0.0,0.2,4467613.5,5329988.5,4475315.5,5331047.5
849,849,0.0,0.0,0.2,4462147.5,5330463.5,4467339.5,5332651.5
850,850,0.0,11.0,0.2,4465785.0,5335350.5,4460368.0,5339288.5
851,851,11.0,11.0,0.2,4466536.5,5338030.5,4472261.5,5341105.5
852,852,11.0,0.0,0.2,4461547.5,5329781.5,4467044.0,5332113.0
853,853,11.0,0.0,0.2,4467720.5,5337224.0,4463434.0,5332178.0
854,854,11.0,11.0,0.2,4466096.5,5329605.0,4468707.5,5331885.0
855,855,11.0,0.0,0.2,4462558.0,5333583.5,4460913.5,5342178.5
856,856,11.0,11.0,0.2,4467902.0,5341688.5,4467109.0,5337949.0
857,857,11.0,0.0,0.2,4467374.0,5334261.5,4468503.5,5334786.5
858,858,0.0,0.0,0.2,4470782.0,5338055.0,4472799.5,5335546.0
859,859,0.0,0.0,0.2,4469486.5,5333050.5,4467989.5,5334466.0
860,860,0.0,0.0,0.2,4469815.5,5337322.5,4470832.5,5340558.0
861,861,11.0,0.0,0.2,4466483.0,5330207.5,4466404.5,5333147.5
862,862,11.0,0.0,0.2,4464012.5,5338236.0,4460100.5,5336192.5
863,863,11.0,0.0,0.2,4468741.0,5336218.5,4460583.5,5339716.5
864,864,0.0,0.0,0.2,4473468.0,5337004.0,4471966.5,5332554.5
865,865,11.0,0.0,0.2,4463558.0,5338853.5,4470637.0,5332396.0
866,866,11.0,0.0,0.2,4474651.0,5336327.5,4466613.5,5334440.5
867,867,11.0,0.0,0.2,4473150.0,5331796.5,4471477.0,5333059.0
868,868,11.0,0.0,0.2,4473957.0,5328522.0,4466927.0,5335580.5
869,869,11.0,0.0,0.2,4462972.5,5332378.0,4469583.5,5335707.0
870,870,0.0,0.0,0.2,4462314.0,5328283.0,4468733.5,5336389.5
871,871,0.0,11.0,0.2,4465535.5,5328273.0,4466096.5,5334895.0
872,872,0.0,0.0,0.2,4471830.5,5333904.5,4466872.5,5338956.5
873,873,11.0,0.0,0.2,4465014.0,5337869.5,4470282.5,5332666.5
874,874,0.0,11.0,0.2,4463029.5,5334599.0,4477279.809648909,5333239.538110064
875,875,11.0,0.0,0.2,4467425.0,5334876.5,4466219.0,5332011.0
876,876,11.0,0.0,0.2,4467947.0,5327901.5,4471246.390319411,5332966.365419344
877,877,11.0,0.0,0.2,4467513.5,5336838.5,4466725.393673134,5339025.142555208
878,878,11.0,0.0,0.2,4466678.0,5336171.5,4470021.0,5333187.0
879,879,11.0,11.0,0.2,4473381.5,5332367.0,4467949.5,5335497.5
880,880,11.0,0.0,0.2,4456836.5,5335105.5,4470021.0,5333187.0
881,881,11.0,0.0,0.2,4466321.5,5341513.0,4470086.0,5337367.5
882,882,0.0,11.0,0.2,4474325.0,5332284.0,4469359.5,5333595.5
883,883,11.0,11.0,0.2,4459972.0,5336388.5,4460896.0,5332170.5
884,884,11.0,11.0,0.2,4464597.0,5329617.5,4460431.0,5339901.0
885,885,11.0,0.0,0.2,4468028.0,5330122.5,4467696.0,5341131.5
886,886,11.0,0.0,0.2,4476866.5,5331029.5,4467782.0,5335435.5
887,887,11.0,0.0,0.2,4462410.5,5330911.5,4458893.0,5334680.5
888,888,11.0,0.0,0.2,4466540.0,5338318.0,4469538.0,5329049.0
889,889,11.0,0.0,0.2,4457186.5,5335816.0,4462040.5,5334091.5
890,890,0.0,0.0,0.2,4471837.5,5340105.5,4464564.5,5340294.5
891,891,11.0,0.0,0.2,4471162.0,5334523.5,4458695.5,5334763.0
892,892,11.0,0.0,0.2,4466635.0,5332070.0,4470248.5,5338969.5
893,893,11.0,11.0,0.2,4468364.5,5336245.0,4468663.0,5330253.0
894,894,11.0,0.0,0.2,4476205.5,5330298.0,4470877.0,5339915.5
895,895,11.0,0.0,0.2,4456953.5,5335661.0,4469509.0,5339542.0
896,896,0.0,0.0,0.2,4465337.5,5334659.5,4470545.5,5329641.5
897,897,0.0,0.0,0.2,4468850.0,5330400.0,4468684.25714752,5334385.787503791
898,898,11.0,0.0,0.2,4462220.0,5331551.5,4473423.5,5334840.5
899,899,11.0,0.0,0.2,4465535.5,5328273.0,4469742.5,5341329.5
900,900,11.0,0.0,0.2,4471494.5,5332051.5,4463820.0,5328854.5
901,901,11.0,0.0,0.2,4466401.0,5330481.5,4471962.5,5333860.0
902,902,11.0,0.0,0.2,4474987.0,5330893.0,4465163.0,5328646.0
903,903,11.0,0.0,0.2,4462682.5,5327820.5,4464071.5,5326579.0
904,904,11.0,0.0,0.2,4462528.0,5328508.5,4475497.0,5332019.5
905,905,11.0,0.0,0.2,4472866.0,5327938.5,4456325.0,5337464.0
906,906,11.0,0.0,0.2,4466832.0,5334514.0,4470996.5,5333296.0
907,907,11.0,0.0,0.2,4472087.5,5333725.0,4466149.5,5332863.5
908,908,11.0,0.0,0.2,4470421.0,5334627.0,4470632.5,5332832.5
909,909,0.0,0.0,0.2,4466740.0,5330551.5,4468424.0,5333632.0
910,910,11.0,0.0,0.2,4467132.5,5332218.5,4467444.5,5339483.5
911,911,0.0,0.0,0.2,4467210.5,5328150.5,4468112.0,5338929.0
912,912,11.0,0.0,0.2,4470670.5,5327826.5,4464653.535690008,5331483.765280518
913,913,11.0,0.0,0.2,4472474.5,5329503.0,4466167.5,5332913.5
914,914,11.0,0.0,0.2,4472129.5,5332240.0,4471077.5,5330290.0
915,915,11.0,0.0,0.2,4467277.5,5340642.5,4469912.5,5336035.0
916,916,11.0,0.0,0.2,4466395.5,5333511.0,4470889.0,5332045.0
917,917,11.0,0.0,0.2,4468528.0,5335857.0,4464871.0,5338908.5
918,918,11.0,0.0,0.2,4465334.0,5340425.5,4465642.0,5330230.5
919,919,11.0,0.0,0.2,4463432.5,5327205.5,4467219.0,5339562.0
920,920,11.0,0.0,0.2,4468117.0,5336089.5,4467368.0,5337756.5
921,921,0.0,0.0,0.2,4473899.5,5330108.0,4460583.5,5339716.5
922,922,11.0,0.0,0.2,4467802.0,5336158.0,4466445.5,5338848.5
923,923,11.0,0.0,0.2,4462934.0,5334014.0,4459383.0,5332988.5
924,924,11.0,0.0,0.2,4468610.5,5331821.5,4465093.0,5341141.5
925,925,11.0,0.0,0.2,4468150.5,5329406.0,4469402.0,5332629.5
926,926,11.0,0.0,0.2,4465260.0,5331280.0,4469399.5,5330481.5
927,927,11.0,0.0,0.2,4467370.5,5335206.0,4467240.0,5335328.0
928,928,0.0,0.0,0.2,4469448.5,5336601.5,4477062.0,5332476.0
929,929,11.0,0.0,0.2,4475669.5,5333599.0,4464137.5,5335104.5
930,930,11.0,0.0,0.2,4459563.5,5334460.5,4475974.0,5327211.5
931,931,11.0,0.0,0.2,4465702.5,5331481.5,4474621.0,5332659.0
932,932,11.0,11.0,0.2,4473149.0,5327766.5,4462600.5,5340311.5
933,933,11.0,0.0,0.2,4477269.5,5332600.5,4470822.5,5332550.5
934,934,11.0,0.0,0.2,4460115.5,5333054.5,4463145.5,5336552.0
935,935,11.0,0.0,0.2,4467884.0,5337279.0,4476513.0,5331338.0
936,936,11.0,11.0,0.2,4474685.0,5328635.5,4470861.0,5340082.0
937,937,11.0,11.0,0.2,4464230.0,5334191.5,4469778.0,5341326.5
938,938,11.0,0.0,0.2,4468593.0,5331578.0,4465502.5,5332628.5
939,939,11.0,0.0,0.2,4461940.0,5332600.5,4466255.5,5334831.0
940,940,11.0,11.0,0.2,4470730.0,5332521.5,4465612.5,5334171.0
941,941,11.0,0.0,0.2,4464172.0,5329896.5,4470477.0,5339769.5
942,942,11.0,11.0,0.2,4470004.5,5329740.5,4460913.5,5342178.5
943,943,11.0,11.0,0.2,4473468.0,5337004.0,4472481.0,5331564.5
944,944,11.0,0.0,0.2,4470325.0,5331307.0,4470127.5,5339352.0
945,945,11.0,0.0,0.2,4466117.0,5329657.5,4467578.5,5332696.0
946,946,11.0,0.0,0.2,4467782.0,5335190.5,4472236.5,5334833.0
947,947,0.0,0.0,0.2,4463473.5,5331225.0,4466613.5,5334440.5
948,948,11.0,11.0,0.2,4473213.0,5329372.0,4464672.1299949875,5342113.766366434
949,949,0.0,0.0,0.2,4472218.5,5334805.0,4475152.821259019,5327175.767573194
950,950,11.0,11.0,0.2,4473970.5,5336905.0,4468067.5,5339803.0
951,951,0.0,0.0,0.2,4473733.0,5331647.0,4459047.0,5336517.5
952,952,11.0,0.0,0.2,4473338.5,5335611.0,4465577.5,5337658.5
953,953,11.0,0.0,0.2,4462068.5,5334102.0,4470127.5,5339352.0
954,954,11.0,0.0,0.2,4469902.5,5330143.5,4459760.216601594,5334841.729148942
955,955,11.0,11.0,0.2,4469454.5,5337183.0,4465642.0,5330230.5
956,956,11.0,11.0,0.2,4474399.5,5329939.5,4470220.5,5329593.0
957,957,11.0,0.0,0.2,4469650.0,5337311.5,4467949.5,5335497.5
958,958,11.0,0.0,0.2,4465756.5,5335178.0,4464583.0,5331603.0
959,959,11.0,11.0,0.2,4465750.5,5338145.5,4466059.5,5336507.5
960,960,11.0,0.0,0.2,4474643.5,5331887.5,4468634.0,5335026.0
961,961,11.0,0.0,0.2,4470324.0,5331476.5,4464222.0,5328960.5
962,962,0.0,0.0,0.2,4473594.5,5334385.5,4471067.0,5332077.0
963,963,0.0,11.0,0.2,4460129.5,5341415.5,4462283.5,5341040.5
964,964,11.0,0.0,0.2,4460546.0,5334281.5,4467563.0,5334678.5
965,965,0.0,0.0,0.2,4466696.5,5327881.5,4470770.5,5339810.0
966,966,11.0,0.0,0.2,4468442.5,5340211.5,4467055.0,5337849.5
967,967,11.0,0.0,0.2,4464096.0,5333768.5,4476790.5,5331375.5
968,968,11.0,0.0,0.2,4466064.5,5335890.0,4465676.0,5338115.0
969,969,11.0,0.0,0.2,4476970.5,5330976.0,4477389.0,5330822.5
970,970,11.0,11.0,0.2,4463817.0,5334938.0,4477525.5,5333848.0
971,971,11.0,0.0,0.2,4463185.0,5329914.5,4469979.0,5330085.5
972,972,11.0,0.0,0.2,4459752.0,5338775.5,4464177.5,5341780.5
973,973,11.0,11.0,0.2,4468506.0,5334932.5,4470558.0,5338916.5
974,974,0.0,0.0,0.2,4473509.0,5337323.5,4468379.5,5338160.5
975,975,11.0,11.0,0.2,4462739.0,5332732.0,4469928.5,5334634.0
976,976,11.0,11.0,0.2,4466085.0,5333282.0,4461242.5,5330480.5
977,977,11.0,11.0,0.2,4464699.5,5331646.5,4467987.5,5333514.5
978,978,11.0,0.0,0.2,4465092.5,5334945.5,4470277.0,5328391.5
979,979,11.0,0.0,0.2,4463000.5,5333010.0,4459977.0,5334075.5
980,980,11.0,0.0,0.2,4462558.0,5333583.5,4470632.5,5332832.5
981,981,11.0,0.0,0.2,4461846.5,5338188.0,4469036.5,5339428.0
982,982,11.0,0.0,0.2,4466693.0,5341538.0,4468783.5,5332536.5
983,983,11.0,0.0,0.2,4464378.0,5333531.0,4471494.0,5334650.0
984,984,11.0,0.0,0.2,4465737.5,5333590.0,4465556.0,5329749.0
985,985,11.0,0.0,0.2,4467592.0,5342788.0,4460791.5,5341955.0
986,986,0.0,0.0,0.2,4463827.5,5332190.0,4475688.0,5331742.5
987,987,11.0,0.0,0.2,4472741.0,5334500.5,4467563.0,5334678.5
988,988,11.0,0.0,0.2,4455657.0,5340177.5,4465359.0,5332698.5
989,989,0.0,0.0,0.2,4472805.0,5335738.0,4465093.0,5341141.5
990,990,11.0,0.0,0.2,4459036.0,5338794.5,4467856.0,5332724.0
991,991,11.0,0.0,0.2,4467548.0,5334621.0,4464351.0,5332605.0
992,992,11.0,0.0,0.2,4470712.5,5331003.5,4470740.0,5329501.0
993,993,11.0,0.0,0.2,4468710.0,5328715.0,4464284.0,5340263.5
994,994,11.0,0.0,0.2,4468387.0,5333068.5,4461430.0,5341765.5
995,995,11.0,0.0,0.2,4473472.5,5330306.0,4468707.0,5330083.5
996,996,11.0,0.0,0.2,4472917.0,5328862.5,4470401.0,5340111.0
997,997,11.0,11.0,0.2,4470748.5,5338036.0,4460397.038046461,5340843.188092656
998,998,11.0,0.0,0.2,4470516.0,5330592.5,4476513.0,5331338.0
999,999,11.0,0.0,0.2,4465384.0,5337034.5,4469257.0,5341262.0
